,D1,D2,D3,GPU_times,GPUv_times,Model_build_times
0,640,1,10,5533.29918718338,2937.242949962616,2.3737001419067383
1,64,10,10,1064.4185690879822,635.2943465709686,0.054021596908569336
2,32,20,10,706.4877626895905,472.8345754146576,0.10422921180725098
3,16,40,10,476.4222695827484,378.84168815612793,0.19978952407836914
4,8,80,10,346.7963924407959,334.46677589416504,0.3920631408691406
5,4,160,10,352.0927038192749,430.54014253616333,0.759312629699707
6,2,320,10,272.4734880924225,367.37513041496277,1.5698883533477783
7,1,640,10,985.4150233268738,421.705748796463,3.0482425689697266
